split,split_row,pair_row,label,library_umi,IER2_umi,IER2_log1p,IER2_z,IER2_theta,ACTG1_umi,ACTG1_log1p,ACTG1_z,ACTG1_theta,LIMD2_umi,LIMD2_log1p,LIMD2_z,LIMD2_theta,GLTSCR2_umi,GLTSCR2_log1p,GLTSCR2_z,GLTSCR2_theta
train,0,645,CD4+/CD45RO+ Memory,2010,0,0.000000000,-1.163792282,-1.218720427,3,2.767913632,0.367925303,0.385290477,1,1.787604914,0.266091988,0.278650878,2,2.393362173,0.094263297,0.098712293
train,1,477,CD4+/CD25 T Reg,1692,2,2.551032268,0.557465416,0.583776418,3,2.930153022,0.485718584,0.508643312,0,0.000000000,-1.054135713,-1.103888338,5,3.419391769,0.854494075,0.894824103
train,2,1852,CD4+/CD45RO+ Memory,1111,4,3.611015215,1.272667583,1.332734376,0,0.000000000,-1.641707678,-1.719192260,0,0.000000000,-1.054135713,-1.103888338,1,2.302675098,0.027069225,0.028346826
train,3,47,CD4+/CD45RO+ Memory,1578,2,2.615516055,0.600974554,0.629339081,0,0.000000000,-1.641707678,-1.719192260,0,0.000000000,-1.054135713,-1.103888338,5,3.486937003,0.904541331,0.947233467
test,0,6609,CD4+/CD25 T Reg,1364,4,3.411989378,1.138378904,1.192107600,3,3.135239179,0.634620595,0.664573133,0,0.000000000,-1.054135713,-1.103888338,6,3.806401785,1.141246939,1.195111000
test,1,9150,CD4+/CD25 T Reg,1632,3,2.964363010,0.836352018,0.875825785,1,1.963953664,-0.215786720,-0.225971325,1,1.963953664,0.396333577,0.415039552,1,1.963953664,-0.223904490,-0.234472233
test,2,6582,CD4+/CD25 T Reg,1209,0,0.000000000,-1.163792282,-1.218720427,4,3.528863107,0.920409725,0.963850810,3,3.250912943,1.346811659,1.410377872,2,2.864632048,0.443448023,0.464377684
test,3,7068,CD4+/CD25 T Reg,507,0,0.000000000,-1.163792282,-1.218720427,0,0.000000000,-1.641707678,-1.719192260,0,0.000000000,-1.054135713,-1.103888338,2,3.700010567,1.062416973,1.112560453
